{"downloadCount": 4042, "query": {}, "viewLastModified": 1536605996, "displayType": "table", "category": "Public Safety", "rowsUpdatedAt": 1575145284, "description": "Daily inmates in custody with attributes (custody level, mental health designation, race, gender, age, leagal status, sealed status, security risk group membership, top charge,  and infraction flag). This data set excludes Sealed Cases. Resulting summaries may differ slightly from other published statistics.", "viewType": "tabular", "totalTimesRated": 0, "name": "Daily Inmates In Custody", "oid": 19193280, "rights": ["read"], "publicationAppendEnabled": false, "attribution": "Department of Correction (DOC)", "newBackend": true, "metadata": {"rdfClass": "", "rdfSubject": "0", "rowLabel": "Row", "renderTypeConfig": {"visible": {"table": true}}, "availableDisplayTypes": ["table", "fatrow", "page"], "custom_fields": {"Update": {"Automation": "Yes", "Date Made Public": "6/2/2016", "Update Frequency": "Daily"}, "Dataset Information": {"Agency": "Department of Correction (DOC)"}}, "rowIdentifier": "0", "attachments": [{"blobId": "", "name": "Disclaimer.docx", "assetId": "44b5d821-03e0-42a7-b255-364a17d1c6e1", "filename": "Disclaimer.docx"}, {"name": "Inmate_In_Custody.xlsx", "assetId": "c09caee5-f122-44b6-a22d-f1b53ec9d900", "filename": "Inmate_In_Custody.xlsx"}]}, "publicationStage": "published", "indexUpdatedAt": 1549830757, "columns": [{"fieldName": "inmateid", "name": "INMATEID", "cachedContents": {"non_null": "6818", "top": [{"item": "76809", "count": "1"}, {"item": "20203569", "count": "1"}, {"item": "20164846", "count": "1"}, {"item": "107154", "count": "1"}, {"item": "68872", "count": "1"}, {"item": "1599", "count": "1"}, {"item": "20194314", "count": "1"}, {"item": "20104258", "count": "1"}, {"item": "20182239", "count": "1"}, {"item": "20040470", "count": "1"}, {"item": "91565", "count": "1"}, {"item": "20084329", "count": "1"}, {"item": "20035688", "count": "1"}, {"item": "115647", "count": "1"}, {"item": "20205219", "count": "1"}, {"item": "100423", "count": "1"}, {"item": "149924", "count": "1"}, {"item": "20184772", "count": "1"}, {"item": "20067529", "count": "1"}, {"item": "20030114", "count": "1"}], "cardinality": "6818", "smallest": "140", "null": "0", "not_null": "6909", "average": "13075682.38727760", "sum": "107299049670", "largest": "20208439"}, "format": {"align": "right", "noCommas": "true", "precisionStyle": "standard"}, "id": 248064376, "dataTypeName": "number", "position": 1, "width": 140, "tableColumnId": 35188668, "description": "This is the primary key column that uniquely identifies each inmate  record. ", "renderTypeName": "number"}, {"fieldName": "admitted_dt", "name": "ADMITTED_DT", "cachedContents": {"non_null": "6818", "top": [{"item": "2019-06-14T00:38:00.000", "count": "4"}, {"item": "2019-11-23T22:47:00.000", "count": "2"}, {"item": "2019-11-28T20:03:00.000", "count": "2"}, {"item": "2019-06-04T20:40:00.000", "count": "2"}, {"item": "2018-11-04T20:42:00.000", "count": "2"}, {"item": "2019-11-12T10:41:00.000", "count": "2"}, {"item": "2019-11-26T12:15:00.000", "count": "2"}, {"item": "2019-10-15T11:33:00.000", "count": "2"}, {"item": "2018-05-12T14:56:00.000", "count": "2"}, {"item": "2019-11-07T21:25:52.000", "count": "1"}, {"item": "2019-07-19T00:53:36.000", "count": "1"}, {"item": "2019-11-14T12:06:14.000", "count": "1"}, {"item": "2019-06-12T11:28:27.000", "count": "1"}, {"item": "2019-01-04T01:20:02.000", "count": "1"}, {"item": "2019-09-13T19:43:43.000", "count": "1"}, {"item": "2019-06-28T17:35:04.000", "count": "1"}, {"item": "2019-11-27T01:44:31.000", "count": "1"}, {"item": "2019-09-03T17:15:00.000", "count": "1"}, {"item": "2019-11-27T12:05:14.000", "count": "1"}, {"item": "2019-03-29T20:11:09.000", "count": "1"}], "cardinality": "6807", "smallest": "1991-11-22T10:54:23.000", "null": "0", "not_null": "6909", "largest": "2019-11-30T08:49:53.000"}, "format": {"align": "left", "view": "date_time"}, "id": 248064377, "dataTypeName": "calendar_date", "position": 2, "width": 181, "tableColumnId": 35188669, "description": "This field has the admitted date and time of the incident.", "renderTypeName": "calendar_date"}, {"fieldName": "discharged_dt", "name": "DISCHARGED_DT", "cachedContents": {"non_null": "0", "null": "6818", "not_null": "0", "cardinality": "0"}, "format": {"align": "left", "view": "date_time"}, "id": 248064378, "dataTypeName": "calendar_date", "position": 3, "width": 219, "tableColumnId": 35188670, "description": "This field has the inmate discharged  date and time.", "renderTypeName": "calendar_date"}, {"fieldName": "custody_level", "name": "CUSTODY_LEVEL", "cachedContents": {"non_null": "6703", "top": [{"item": "MED", "count": "2758"}, {"item": "MAX", "count": "2026"}, {"item": "MIN", "count": "1919"}], "cardinality": "3", "smallest": "MAX", "null": "115", "not_null": "6801", "largest": "MIN"}, "format": {"align": "left"}, "id": 248064379, "dataTypeName": "text", "position": 4, "width": 194, "tableColumnId": 35188671, "description": "This has the level of cutody provided for the inmate. Values are MIN,MED,Max custody levels.", "renderTypeName": "text"}, {"fieldName": "bradh", "name": "BRADH", "cachedContents": {"non_null": "6818", "top": [{"item": "N", "count": "3829"}, {"item": "Y", "count": "2989"}], "cardinality": "2", "smallest": "N", "null": "0", "not_null": "6909", "largest": "Y"}, "format": {"align": "left"}, "id": 248064380, "dataTypeName": "text", "position": 5, "width": 141, "tableColumnId": 35188672, "description": "BRADH  has values Y or N. The inmate is under mental observation. ", "renderTypeName": "text"}, {"fieldName": "race", "name": "RACE", "cachedContents": {"non_null": "6789", "top": [{"item": "B", "count": "3845"}, {"item": "O", "count": "2082"}, {"item": "W", "count": "729"}, {"item": "A", "count": "106"}, {"item": "I", "count": "14"}, {"item": "U", "count": "13"}], "cardinality": "6", "smallest": "A", "null": "29", "not_null": "6881", "largest": "W"}, "format": {"align": "left"}, "id": 248064381, "dataTypeName": "text", "position": 6, "width": 119, "tableColumnId": 35188673, "description": "Race of the inmate.", "renderTypeName": "text"}, {"fieldName": "gender", "name": "GENDER", "cachedContents": {"non_null": "6789", "top": [{"item": "M", "count": "6420"}, {"item": "F", "count": "369"}], "cardinality": "2", "smallest": "F", "null": "29", "not_null": "6881", "largest": "M"}, "format": {"align": "left"}, "id": 248064382, "dataTypeName": "text", "position": 7, "width": 138, "tableColumnId": 35188674, "description": "Gender of the inmate (Male or female).", "renderTypeName": "text"}, {"fieldName": "age", "name": "AGE", "cachedContents": {"non_null": "6805", "top": [{"item": "29", "count": "268"}, {"item": "28", "count": "258"}, {"item": "27", "count": "256"}, {"item": "30", "count": "246"}, {"item": "32", "count": "238"}, {"item": "26", "count": "229"}, {"item": "25", "count": "219"}, {"item": "31", "count": "218"}, {"item": "23", "count": "216"}, {"item": "33", "count": "207"}, {"item": "24", "count": "206"}, {"item": "21", "count": "191"}, {"item": "35", "count": "191"}, {"item": "22", "count": "185"}, {"item": "34", "count": "184"}, {"item": "37", "count": "181"}, {"item": "39", "count": "178"}, {"item": "38", "count": "176"}, {"item": "36", "count": "175"}, {"item": "41", "count": "164"}], "cardinality": "63", "smallest": "17", "null": "13", "not_null": "6897", "average": "36.25241059440986", "sum": "297016", "largest": "90"}, "format": {"align": "right", "noCommas": "false", "precisionStyle": "standard"}, "id": 248064383, "dataTypeName": "number", "position": 8, "width": 117, "tableColumnId": 35188675, "description": "Calculated Age of the inmate.", "renderTypeName": "number"}, {"fieldName": "inmate_status_code", "name": "INMATE_STATUS_CODE", "cachedContents": {"non_null": "6818", "top": [{"item": "DE", "count": "4304"}, {"item": "DEP", "count": "906"}, {"item": "DPV", "count": "696"}, {"item": "CS", "count": "666"}, {"item": "SSR", "count": "118"}, {"item": "DNS", "count": "55"}, {"item": "CSP", "count": "53"}, {"item": "SCO", "count": "20"}], "cardinality": "8", "smallest": "CS", "null": "0", "not_null": "6909", "largest": "SSR"}, "format": {"align": "left"}, "id": 248064384, "dataTypeName": "text", "position": 9, "width": 215, "tableColumnId": 35188676, "description": "provides the inmate status example if an inmate id a detainee.", "renderTypeName": "text"}, {"fieldName": "sealed", "name": "SEALED", "cachedContents": {"non_null": "6818", "top": [{"item": "N", "count": "6818"}], "cardinality": "1", "smallest": "N", "null": "0", "not_null": "6909", "largest": "N"}, "format": {"align": "left"}, "id": 248064385, "dataTypeName": "text", "position": 10, "width": 135, "tableColumnId": 35188677, "description": "Sealed=Y implies that the inmate information is not to be shown in public.", "renderTypeName": "text"}, {"fieldName": "srg_flg", "name": "SRG_FLG", "cachedContents": {"non_null": "6818", "top": [{"item": "N", "count": "5676"}, {"item": "Y", "count": "1142"}], "cardinality": "2", "smallest": "N", "null": "0", "not_null": "6909", "largest": "Y"}, "format": {"align": "left"}, "id": 248064386, "dataTypeName": "text", "position": 11, "width": 144, "tableColumnId": 35188678, "description": "SRG_FLG=Y means that the inmate is an approved gang affiliation.", "renderTypeName": "text"}, {"fieldName": "top_charge", "name": "TOP_CHARGE", "cachedContents": {"non_null": "5795", "top": [{"item": "125.25", "count": "528"}, {"item": "160.15", "count": "380"}, {"item": "110-125.25", "count": "342"}, {"item": "120.05", "count": "322"}, {"item": "140.25", "count": "274"}, {"item": "265.03", "count": "269"}, {"item": "160.10", "count": "214"}, {"item": "220.16", "count": "188"}, {"item": "140.20", "count": "183"}, {"item": "120.00", "count": "149"}, {"item": "155.25", "count": "144"}, {"item": "220.39", "count": "139"}, {"item": "155.30", "count": "129"}, {"item": "120.10", "count": "119"}, {"item": "215.51", "count": "108"}, {"item": "140.30", "count": "101"}, {"item": "220.03", "count": "82"}, {"item": "220.21", "count": "81"}, {"item": "160.05", "count": "75"}, {"item": "110-120.10", "count": "70"}], "cardinality": "254", "smallest": "0", "null": "1023", "not_null": "5860", "largest": "VTL 511(3)"}, "format": {"align": "left"}, "id": 248064387, "dataTypeName": "text", "position": 12, "width": 183, "tableColumnId": 35188679, "description": "Top charge for the inmate.", "renderTypeName": "text"}, {"fieldName": "infraction", "name": "INFRACTION", "cachedContents": {"non_null": "6818", "top": [{"item": "N", "count": "4408"}, {"item": "Y", "count": "2410"}], "cardinality": "2", "smallest": "N", "null": "0", "not_null": "6909", "largest": "Y"}, "format": {"align": "left"}, "id": 248064388, "dataTypeName": "text", "position": 13, "width": 157, "tableColumnId": 35188680, "description": "Indicates whether the inmate has infraction.", "renderTypeName": "text"}], "rowClass": "", "tableId": 9243443, "createdAt": 1458757755, "grants": [{"inherited": false, "flags": ["public"], "type": "viewer"}], "tableAuthor": {"profileImageUrlSmall": "/api/users/5fuc-pqz2/profile_images/TINY", "profileImageUrlLarge": "/api/users/5fuc-pqz2/profile_images/LARGE", "flags": ["acceptedEula", "mayBeStoriesCoOwner"], "displayName": "NYC OpenData", "type": "interactive", "screenName": "NYC OpenData", "userSegment": "site_member", "profileImageUrlMedium": "/api/users/5fuc-pqz2/profile_images/THUMB", "id": "5fuc-pqz2"}, "publicationDate": 1458759041, "numberOfComments": 0, "hideFromDataJson": false, "flags": ["default", "restorable", "restorePossibleForType"], "provenance": "official", "rowsUpdatedBy": "5fuc-pqz2", "owner": {"profileImageUrlSmall": "/api/users/5fuc-pqz2/profile_images/TINY", "profileImageUrlLarge": "/api/users/5fuc-pqz2/profile_images/LARGE", "flags": ["acceptedEula", "mayBeStoriesCoOwner"], "displayName": "NYC OpenData", "type": "interactive", "screenName": "NYC OpenData", "userSegment": "site_member", "profileImageUrlMedium": "/api/users/5fuc-pqz2/profile_images/THUMB", "id": "5fuc-pqz2"}, "viewCount": 10393, "approvals": [{"submissionObject": "public_audience_request", "submissionOutcomeApplication": {"status": "success", "failureCount": 0}, "submitter": {"displayName": "NYC OpenData", "id": "5fuc-pqz2"}, "submissionDetails": {"permissionType": "READ"}, "reviewedAt": 1464896562, "submissionOutcome": "change_audience", "reviewedAutomatically": true, "submissionId": 1066310, "state": "approved", "submittedAt": 1464896562, "workflowId": 2285}], "averageRating": 0, "publicationGroup": 9242951, "id": "7479-ugqb", "hideFromCatalog": false}